statement ok
create materialized view mvb as values (233, 'risingwave'), (233, 'risingwave');

statement ok
flush;

query IR
select * from mvb;
----
233 risingwave
233 risingwave

statement ok
create table t (v int, c varchar);

statement ok
insert into t values (1, 'China'), (0, 'United States');

statement ok
create materialized view mv as 
with dict(abbr, real) as (values ('cn', 'China'), ('us', 'United States')) 
select * from t join dict on t.c = dict.real;

query IRRR
select * from mv order by v;
----
0 United States us United States
1 China cn China

statement ok
drop materialized view mvb;

statement ok
drop materialized view mv;

statement ok
drop table t;

statement ok
create materialized view mv as select * from abs(-1);

# TODO: support this
statement error not yet implemented: LogicalTableFunction::logical_rewrite_for_stream
create materialized view mv2 as select * from range(1,2);

statement ok
flush;

query IR
select * from mv;
----
1

statement ok
drop materialized view mv;
